Duluth Light Station&& &&Minnesota&& &&11th&& &&J.A. Bailey, from recs in office of LH Engineer&& &&On outer end of S pier at entrance to Canal, Duluth, MN (Lake Superior)&& &&12/01/1873&& &&  Fixed&& &&46° 47'&& &&92° 04' 30"
Duluth North Pier Light Station&& &&Minnesota&& &&11th&& &&Oliver G. Brown&& &&On the outer end of the N pier, at the entrance to Duluth Harbor, Minnesota, W'ly end of lake&& &&09/06/1910&& &&  White flash 2 secs. eclipse 2 sec.&& &&46° 46' 55"&& &&92° 05' 21"
Duluth Range Front Light Station&& &&Minnesota&& &&11th&& &&Oliver G. Brown&& &&On the outer end of the S pier, at the entrance to Duluth Harbor, W'ly end of Lake Superior&& &&09/06/1910&& &&  Fixed red&& &&46° 46' 49"&& &&92° 05' 17"
Duluth Range Rear Light Station&& &&Minnesota&& &&11th&& &&Oliver G. Brown&& &&Near the inner end of the S pier, at the entrance to Duluth Harbor, W'ly side of Lake Superior, about 1188' in rear of front light&& &&09/06/1910&& &&  Red flash every 6 secs&& &&46° 46' 48"&& &&92° 05' 20"
Minnesota Point Light Station&& &&Minnesota&& &&11th&& && && &&At head of Lake Superior, mouth of St. Louis River&& &&1858&& &&  fixed white
St. Louis River Pierhead Light Station&& &&Minnesota&& &&11th&& &&Lighthouse Engineer&& &&On N pier at entrance to St. Louis River, MN.&& &&02/01/1886&& &&  Fixed white&& &&46° 42' 35"&& &&92° 01' 21" 
Two Harbors Light Station&& &&Minnesota&& &&11th&& &&Oliver G. Brown&& &&On point of land separating Agate & Burlington Bays, entrance to Two Harbors, Minn. N'ly shore of the W'ly end of Lake Superior&& &&09/09/1910&& &&  Red flash every 5 sec.&& &&47° 00' 50"&& &&91° 39' 49"
Two Harbors Breakwater Light Station&& &&Minnesota&& &&11th&& &&Oliver G. Brown&& &&On the outer end of the breakwater, W'ly entrance to Two Harbors.&& &&09/09/1910&& &&  Red flash 7 sec. eclipse 3 sec.&& &&47° 00' 45"&& &&91° 40' 09"
Michigan&& &&9th&& &&Oliver G. Brown&& &&Alpena Lt. Sta. located on the northerly side of the entrance to Thunder Bay River, Alpena, Mich.&& &&06/10/1910&& &&  Fixed Red.&& &&45° 03' 39"&& &&83° 25' 25"&&Home&&© 2008 United States Lighthouse Society · 9005 Point No Point Rd. NE, Hansville, WA 98340 · ph. 415.362.7255
 &&Michigan&& &&9th&& &&B. A. Todt&& &&Located on the point making out from the Southly side of the northwestern arm of Portage Lake, Mich. near the Atlantic Mine Dock, & about 1.75 miles to the westward of the Houghton & Hancock Bridge, Mich.&& &&12/21/1910&& &&  Fixed Red Post Light&& &&47° 07' 38"&& &&88° 26' 26"&&Home&&© 2008 United States Lighthouse Society · 9005 Point No Point Rd. NE, Hansville, WA 98340 · ph. 415.362.7255
 &&Michigan&& &&11th&&  &&J.A. Bailey, from recs on file in office&& &&On outer end of N Pier at entrance to Au Sable River, MI.&& &&12/01/1873&& &&  fixed red&& &&44° 24' 28"&& &&83° 18' 45"&&Home&&© 2008 United States Lighthouse Society · 9005 Point No Point Rd. NE, Hansville, WA 98340 · ph. 415.362.7255
 &&Michigan&& &&11th&& &&Oliver G. Brown&& &&On outer end of N pier, mouth of Au Sable River, W'ly shore of Lake Huron&& &&06/07/1910&& &&  Fixed red&& &&44° 24' 26"&& &&83° 19' 16" &&Home&&© 2008 United States Lighthouse Society · 9005 Point No Point Rd. NE, Hansville, WA 98340 · ph. 415.362.7255
Beaver Island Harbor Light Station&& &&Michigan&& &&11th&& &&On E shore of Beaver Island at village of St. James.&& && && && && &&  fixed white
Beaver Island Light Station&& &&Michigan&& &&11th&& &&S end of Beaver Island, Lake Michigan&& && && && && &&  white revolving
Belle Isle Light Station&& &&Michigan&& &&11th&& &&Ralph R. Tinkham&& &&On SE point of E'ly end of Belle Isle, Detroit River, MI.&& &&03/27/1909&& &&  Fixed red&& &&42° 20' 24.46"&& &&82° 57' 36.75"
Big Bay Point Light Station&& &&Michigan&& &&9th&& &&Oliver G. Brown&& &&Big Bay Point Light Station on Big Bay Point Mich. Easterly side of the entrance to Big Bay, Southerly shore of Lake Superior.&& &&07/07/1910&& &&  Fixed white varied by a white flash every 20 seconds.&& &&46° 50' 31"&& &&87° 40' 47"
Big Sable Light Station&& &&Michigan&& &&11th&& &&Ralph R. Tinkham&& &&At Big Sable Point, MI., S'ly shore of E'ly part of Lake Superior, between Whitefish Point & Grand Island&& &&06/07/1909&& &&  Fixed white&& &&46° 40' 29.6"&& &&86° 08' 37.5"
Birch Point Range Light Station&& &&Michigan&& &&9th&& &&Ralph R. Tinkham&& &&Birch Point Range Lt. Sta. at the end of the W'ly projection of Brich Point, Mich., S'ly shore of St. Marys River. Rear tower is about 970 feet SE 3/8 S in rear of front tower.&& &&07/28/1909&& &&  Fixed white. Both Lights&& &&46° 26' 02.7"&& &&84° 31' 24.5"
Bois Blanc Light Station&& &&Michigan&& &&11th&& && && &&N side of Bois Blanc Island, near Mackinaw, Michigan&& && && &&  fixed white
DESCRIPTION OF LIGHT STATION&&Brush Point Range Light Station&& &&Michigan&& &&9th&& &&Ralph R. Tinkham&& &&On the S'ly shore of St. Marys River, about 3/8 mile to S'd of Brush Point, Mich., & nearly opposite Pointe auz Pins Canadian Light Station, Ontario. Rear Tower 1430 feet ENE1/2E from front tower.&& &&07/20/1909&& &&  Both lights fixed red.&& &&46° 27' 53"&& &&84° 27' 19.6"
DESCRIPTION OF LIGHT STATION&&Brush Point Rear Range Light Station&& &&Michigan&& &&9th&& &&Ralph R. Tinkham&& &&On the S'ly shore of St. Marys River, about 3/8 mile to S'd of Brush Point, Mich., & nearly opposite Pointe auz Pins Canadian Light Station, Ontario. Rear Tower 1430 feet ENE1/2E from front tower.&& &&07/20/1909&& &&  Both lights fixed red.&& &&46° 27' 53"&& &&84° 27' 19.6"
Cedar Point Front Range Light Station&& &&Michigan&& &&11th&& &&Ralph R. Tinkham&& &&On S'ly shore of St. Mary's River at Cedar Point, MI., & about 1 mile ESE of Round Island.&& &&07/28/1909&& &&  Fixed white&& &&46° 26' 18.8"&& &&84° 30' 09.1"
Cedar Point Rear Range Light Station&& &&Michigan&& &&11th&& &&Ralph R. Tinkham&& &&On S'ly shore of St. Mary's River at Cedar Point, MI., & about 1 mile ESE of Round Island. About 1180' from front   tower.&& &&07/28/1909&& &&  Fixed white
DESCRIPTION OF LIGHT STATION&&Cedar River Light Station&& &&Michigan&& &&9th&& &&Francis J. Otter, Draftsman, 9th LH dist.&& &&On W'ly side of Cedar River, nearly 1/4 mile inside of its mouth, W'ly side of Green Bay.&& &&07/29/1910&& &&  Fixed white, distance visible 15 3/4 miles.&& &&45° 24' 37" N&& &&87° 21' 11" W
DESCRIPTION OF LIGHT STATION&&Cedar River Front Range Light Station&& &&Michigan&& &&9th&& &&Francis J. Otter, Draftsman, 9th LH dist.&& &&On S'ly end of W pier of channel on channel side of pier.&& &&07/29/1910&& &&  Fixed red
DESCRIPTION OF LIGHT STATION&&Cedar River Rear Range Light Station&& &&Michigan&& &&9th&& &&Francis J. Otter, Draftsman, 9th LH dist.&& &&150', 340 degrees 20' (N by W 3/4 W) in rear of front light.&& &&07/29/1910&& &&  Fixed red
DESCRIPTION OF LIGHT STATION&&Charity Island Light Station&& &&Michigan&& &&11th&& && && &&NW Point of Charity Island in Saginaw Bay&& &&1858&& &&  fixed white
DESCRIPTION OF LIGHT STATION&&Charlevoix Pierhead Light Station&& &&Michigan&& &&9th&& &&Francis J. Otter, Office of Engineer, 9th LH Dist.&& &&On outer end of N pierm entrance to Charlevoix Harbor, MI., E'ly side of N'ly part of Lake Michigan. Mag. var. 1 degree 15' W&& &&12/01/1907&& &&  Fixed red, 5th order&& &&45° 19' 26" N&& &&85° 15' 29" W
DESCRIPTION OF LIGHT STATION&&Cheboygan Crib Light Station&& &&Michigan&& &&9th&& &&Oliver G. Brown&& &&Cheboygan Crib Lt. Sta., on the W'ly side of the dredged channel into the mouth of Cheboygan River, Mich.&& &&06/28/1910&& &&  Fixed red.&& &&45° 39' 48"&& &&84° 27' 34"
DESCRIPTION OF LIGHT STATION&&Cheboygan Light Station - 1858&& &&Michigan&& &&11th&& && && &&On mainland, opposite to Bois Blanc Island, MI&& && && &&  fixed white varied by flash
DESCRIPTION OF LIGHT STATION&&Cheboygan Light Station - 1910&& &&Michigan&& &&9th&& &&Oliver G. Brown&& &&Cheboygan Lt. Sta. on the point on the S'ly shore of the Ely end of the South Channel of the Ste. Of Mackinac.&& &&06/28/1910&& &&  Fixed white varied by white flash every minute.&& &&45° 40' 09"&& &&84° 25' 11"
Cheboygan River Front Range Light Station&& &&Michigan&& &&11th&& &&Ralph R. Tinkham&& &&On W'ly side of Cheboygan River, MI., on prolongation of axis of the cut.&& &&09/02/1909&& &&  Fixed red&& &&45° 38' 51.31" N&& &&84° 28' 21.14" N
Cheboygan River Rear Range Light Station&& &&Michigan&& &&11th&& &&Ralph R. Tinkham&& &&On W'ly side of Cheboygan River, MI., on prolongation of axis of the cut. 1112' SSW 15/16 W of front light.&& &&09/02/1909&& &&  Fixed red&& &&45° 38' 42.04" N&& &&84° 28' 29.63" N
DESCRIPTION OF LIGHT STATION&&Clinton River Light Station&& &&Michigan&& &&11th&& && && &&Mouth of Clinton River, MI&& &&1858&& &&  fixed white
DESCRIPTION OF LIGHT STATION&&Cole Creek Light Station&& &&Michigan&& &&9th&& &&B. A. Todt&& &&Near shore on the SW'ly side of NW'ly arm of Portage Lake, Mich. About 1/8 mile to Westward of mouth of Cole Creek & about 2.5 miles to westward of Houghton & Hancock Bridge. Mich.&& &&12/21/1910&& &&  Fixed white post lantern&& &&47° 07' 45"&& &&88° 37' 19"
DESCRIPTION OF LIGHT STATION&&Copper Harbor Front Range Light Station&& &&Michigan&& &&9th&& &&Oliver G. Brown&& &&Copper Harbor Light Station. Located on Fort Wilkins Military Reservation, S'ly shore of Lake Superior.&& &&08/21/1910&& &&  Fixed white.&& &&47° 28' 08"&& &&87° 51' 59"
Copper Harbor Light Station - 1858&& &&Michigan&& &&11th&& && && &&Copper Harbor, Lake Superior, MI&& && && &&  fixed white
Copper Harbor Light Station - 1910&& &&Michigan&& &&9th&& &&Oliver G. Brown&& &&Copper Harbor Light Station, on the E'ly point of the entrance to Copper Harbor, N'ly shore of Lake Superior.&& &&08/19/1910&& &&  Fixed white.&& &&47° 28' 27"&& &&87° 51' 36"
DESCRIPTION OF LIGHT STATION&&Copper Harbor Rear Range Light Station&& &&Michigan&& &&9th&& &&Oliver G. Brown&& &&Copper Harbor Range Light Station. Both towers located on Fort Wilkins Military Reservation, S'ly shore of lake   Superior.&& &&08/21/1910&& &&  Fixed white.&& &&47° 28' 08"&& &&87° 51' 59"
Crisp Point Light Station&& &&Michigan&& &&11th&& &&Ralph R. Tinkham&& &&On Crisp Point, MI., S'ly shore of E'ly part of Lake Superior, about 14.5 miles to W'd of Whitefish Point.&& &&07/12/1909&& &&  Fixed red.&& &&46° 45' 10.6"&& &&85° 15' 25.4"
Detour Reef Light Station - 1858&& &&Michigan&& &&11th&& && && &&Entrance to Saut Ste Marie River from Lake Huron&& && && &&  fixed white
Detour Reef Light Station - 1909&& &&Michigan&& &&9th&& &&Ralph R. Tinkham&& &&On the W'ly side of the entrance to Detour Passage & St. Marys River, N'ly end of Lake Huron, Michigan.&& &&08/19/1909&& &&  Flashing white every 10 seconds.&& &&45° 57' 21.69"&& &&83° 54' 55.46"
Detroit River Light Station - 1885&& &&Michigan&& &&10th&& &&Chas. E. L. B. Davis, Capt. of Engrs. 10th LH Dist&& &&Near mouth of Detroit River, Lake Erie, MI. In 22' of water, 6 1/7 miles below Bois Blanc light&& &&09/01/1885&& &&  4th order. Illuminates entire horizon, showing fixed white for 1 minute, followed during next minute by 6 consecutive white flashes at intervals of 10 sec.&& &&42° 00' 00"&& &&83° 08' 22"
Detroit River Light Station - 1909&& &&Michigan&& &&10th&& &&Chas. C. Bartlett & Norris M. Works&& &&In about 22' of water in NW'ly part of Lake Erie, at entrance to the mouth of the Detroit River.&& &&02/01/1909&& &&  Fixed white 30 sec., followed during next 30 sec by 6 consecutive white flashes - interval btwn flashes 5 sec.&& &&42° 00' 09"&& &&83° 08' 31"
Eagle Harbor Front Range Light Station&& &&Michigan&& &&9th&& &&Oliver G. Brown&& &&Front range on S'ly shore of Eagle Harbor, Mich.&& &&08/05/1910&& &&  Fixed white&& &&47° 27' 22"&& &&88° 09' 04"
Eagle Harbor Light Station - 1858&& &&Michigan&& &&11th&& && && &&Eagle River, MI&& && &&  &&  fixed white varied by flash
Eagle Harbor Light Station - 1910&& &&Michigan&& &&9th&& &&Oliver G. Brown&& &&On W'ly point of entrance to Eaglw Harbor, Mich. N'ly shore of Keweenaw Peninsula, Lake Superior&& &&08/03/1910&& &&  Fixed white varied by a white flash every minute.&& &&47° 27' 40"&& &&88° 09' 31"
Eagle Harbor Rear Range Light Station&& &&Michigan&& &&9th&& &&Oliver G. Brown&& &&Eagle Harbor Range - Front range on S'ly shore of Eagle Harbor, Mich. Rear range about 1000 feet SE'ly from front   range.&& &&08/05/1910&& &&  Both fixed white&& &&47° 27' 22"&& &&88° 09' 04"
Eagle River Light Station&& &&Michigan&& &&11th&& && && &&S shore of Lake Superior&& &&1858&& &&  fixed white
Ecorse Front Beacon Light Station&& &&Michigan&& &&10th&& &&Chas. C. Bartlett & Norris M. Works&& &&In 3.5' of water on W'ly side of Detroit River, 550' S 2 degrees 36' E from Rear Beacon&& &&02/01/1909&& &&  Fixed red&& &&42° 14' 45"&& &&83° 07' 48"
DESCRIPTION OF LIGHT STATION&&Ecorse Rear Beacon Light Station&& &&Michigan&& &&10th&& &&Chas. C. Bartlett & Norris M. Works&& &&In 2.5' of water in Ecorse Marsh, on W'ly side of Detroit River & about 160' from W'ly shore line of the river.&& &&02/01/1909&& &&  Fixed red&& &&42° 14' 51"&& &&83° 07' 49"
Fort Gratiot Light Station - 1858&& &&Michigan&& && && && && &&Head of St. Clair River&& && && &&  fixed white
Fort Gratiot Light Station - 1912&& &&Michigan&& &&9th&& &&Ralph R. Tinkham, Asst Supt.&& &&On the mainland, on the westerly side of the southerly end of Lake Huron & at the entrance to St. Clair River.&& &&03/19/1912&& &&  Fixed white, varied by white flash ever minute, thus: Flash, 6 sec., Eclispe, 25 sec., Fixed 29 sec.&& &&43° 00' 22.44"&& &&82° 25' 21.42"
Forty Mile Point Light Station&& &&Michigan&& &&9th&& &&Oliver G. Brown&& &&Westerly shore of Lake Huron.&& &&06/22/1910&& &&  Flash white every 10 seconds&& &&45° 39' 11"&& &&83° 54' 48"
Frankfort Pier Light Station&& &&Michigan&& &&11th&& &&J. A. Bailey, from records in office of LH Engineer&& &&On outer end of S pier at entrance to harbor of Frankfort, Lake Michigan, MI&& &&12/01/1873&& &&  Fixed red
Frying Pan Island Light Station&& &&Michigan&& &&11th&& &&Ralph R. Tinkham&& &&On Frying Pan Island, W'ly side of Detour Range, St. Mary's River, about 2 miles from entrance.&& &&08/21/1909&& &&  Fixed red&& &&45° 59' 12.97"&& &&83° 53' 44.55"
Lighthouse Inspection Reports Database&&DESCRIPTION OF LIGHT STATION&&Gibraltar Light Station&& &&Michigan&& &&10th&& && && &&W side of entrance to Detroit River, MI.&& &&09/30/1858&& &&  fixed white
DESCRIPTION OF LIGHT STATION&&Grand Island Harbor Front Range Light Station&& &&Michigan&& &&4th&& &&Ralph R. Tinkham&& &&On mainland, W'ly entrance to Grand Island Harbor. S'ly shore of Lake Superior, MI&& &&07/01/1909&& &&  Fixed white&& &&46° 26' 20"&& &&66° 41' 30"
DESCRIPTION OF LIGHT STATION&&Grand Island Harbor Rear Range Light Station&& &&Michigan&& &&4th&& &&Ralph R. Tinkham&& &&On mainland, Westerly entrance to Grand Island Harbor. Southernly shore of Lake Superior, MI 375' S x E 7/16 E from Front light.&& &&07/01/1909&& &&
Grand Island Light Station&& &&Michigan&& &&11th&& &&Ralph R. Tinkham,&& &&On sandstone cliff of N'ly end of Grand Island, MI., S'ly shore of Lake Superior&& &&06/28/1909&& &&  Fixed white varied by white flash every 90 seconds.&& &&46° 33' 35.9'&& &&86° 40' 53.6'
Grand Marais Harbor of Refuge Front Range&& &&Michigan&& &&11th&& &&Ralph R. Tinkham&& &&At outer end of W pier at entrance to Grand Marais Harbor of Refuge. MI. S'ly shore of Lake Superior, E'ly part.&& &&06/14/1909&& &&  Fixed red&& &&46° 41' 08"&& &&85° 58' 52" 
Grand Marais Harbor of Refuge Rear Range&& &&Michigan&& &&11th&& &&Ralph R. Tinkham&& &&At inner end of W pier at entrance to Grand Marais Harbor of Refuge. MI. 1770' in rear of front light&& &&06/14/1909&& &&  Fixed red&& &&not computed
Lighthouse Inspection Reports Database&&DESCRIPTION OF LIGHT STATION&&Grand River Light Station&& &&Michigan&& &&11th&& && && &&At the mouth of Grand River, 30 miles N of Kalamazoo,   MI.&& &&1858&& &&  fixed white varied by flash
Grand Traverse Bay Light Station - 1858&& &&Michigan&& &&11th&& && && &&On NW Point of Grand Traverse Bay, MI&& && && &&  fixed white
Grand Traverse Bay Light Station - 1909&& &&Michigan&& &&9th&& &&Francis J. Otter, Office of Engineer, 9th LH Dist.&& &&On NW'ly extremity of Lighthouse Point, MI., W'ly side of entrance to Grand Traverse Bay; NE'ly part of Lake   Michigan.&& &&03/10/1909&& &&  Fixed white&& &&45° 12' 39" N&& &&85° 32' 27" W
Grande Pointe au Sable Light Station&& &&Michigan&& &&9th&& &&Francis J. Otter&& &&On Grande Pointe au Sable, MI., 45 miles to S'd of Pointe Betsie, E'ly side of Lake Michigan.&& &&06/08/1909&& &&  Fixed white&& &&44° 03' 29"&& &&86° 30' 53"
Granite Island Light Station&& &&Michigan&& &&11th&& &&Ralph R. Tinkham&& &&On Granite Island, MI, S'ly side of Lake Superior, about 12.5 miles N'd of Marquette, MI&& &&06/20/1909&& &&  Fixed white varied by red flash every 90 degrees seconds.&& &&46° 43' 15.2"&& &&87° 24' 42.66"
Grassy Island Light Station&& &&Michigan&& &&10th&& && && &&Detroit River, MI&& &&09/30/1858&& &&
Grassy Island North Channel Range Front Beacon&& &&Michigan&& &&10th&& &&Chas. Bartlett, Chief Clerk & Norris Works, Supt.&& &&In 3.5' of water, near Northerly end of the flats, lying to Northward & Westward of Grassy Island. Westerly side of main channel of Detroit River.&& &&02/01/1909&& &&  Fixed red&& &&42° 13' 45"&& &&83° 08' 09"
Grassy Island North Channel Range Rear Beacon&& &&Michigan&& &&10th&& &&Chas. Bartlett, Chief Clerk & Norris Works, Supt.&& &&In 5.5' of water, 2000', S 26 degrees - 56 W in rear of Front Beacon.&& &&02/01/1909&& &&  Fixed red&& &&42° 13' 28"&& &&83° 08' 21"
Grassy Island South Channel Range Front Beacon&& &&Michigan&& &&10th&& &&Chas. Bartlett, Chief Clerk & Norris Works, Supt.&& &&On Grassy Island Fishery, Westerly side of main channel of Detroit River, 1300' S from Rear Beacon.&& &&02/01/1909&& &&  Fixed white&& &&42° 13' 12"&& &&83° 07' 58"
Grassy Island South Channel Range Rear Beacon&& &&Michigan&& &&10th&& &&Chas. Bartlett, Chief Clerk & Norris Works, Supt.&& &&On small artificial island, connected to Grassy Island Fishery by an embankment at elbow of Grassy Island shoal, 500' from Westerly side of main channel of Detroit River, 7 miles below Detroit.&& &&02/01/1909&& &&  Changed June 1, 1908 to flashing white every 3 seconds.&& &&42° 13' 28"&& &&83° 07' 58"
DESCRIPTION OF LIGHT STATION&&Grosse Isle North Channel Front Beacon&& &&Michigan&& &&10th&& &&Chas. Bartlett, Chief Clerk & Norris Works, Supt.&& &&In 3.5' of water, about 175' to E'd of E'ly shore of Grosse Isle, MI., & nearly abreast of S'ly end of Fighting Island, main channel of Detroit River.&& &&02/01/1909&& &&  Fixed white&& &&42° 10' 03"&& &&83° 08' 22"
Grosse Isle North Channel Rear Beacon&& &&Michigan&& &&10th&& &&Chas. Bartlett, Chief Clerk & Norris Works, Supt.&& &&On Grosse Isle, MI., about 450' to W'd of E'ly shoreline & 1350' S 11 degrees 22' W in rear of Front Beacon&& &&02/01/1909&& &&  Fixed white&& &&42° 09' 50"&& &&83° 08' 26"
Grosse Isle South Channel Front Beacon&& &&Michigan&& &&10th&& &&Chas. Bartlett, Chief Clerk & Norris Works, Supt.&& &&Near N'ly end of Grosse Isle, on N'ly prolongation of axis of Ballard Reef dredged channel, W'ly side of main channel of Detroit River.&& &&02/01/1909&& &&  Fixed red&& &&42° 11' 05"&& &&83° 08' 30"
Grosse Isle South Channel Rear Beacon&& &&Michigan&& &&10th&& &&Chas. Bartlett, Chief Clerk & Norris Works, Supt.&& &&Near N'ly end of Grosse Isle, about 1493' N 17 degrees 25' W from Front Beacon on N'ly prolongation of axis of Ballard Reef dredged channel.&& &&02/01/1909&& &&  Fixed red&& &&42° 11' 19"&& &&83° 08' 30"
Gull Rock Light Station&& &&Michigan&& &&9th&& &&Oliver G. Brown&& &&Light Station on a Rocky inlet between Keweenaw Point & Maniton Island, Lake Superior, Michigan&& &&08/23/1910&& &&  Fixed Red&& &&47° 25' 02"&& &&87° 39' 50"
 &&Michigan&& &&9th&& &&B. A. Todt&& &&On W'ly side of the NW'ly arm of Portage Lake, at southerly end of harrington Island, Mich. about 2 miles N'd of Cole Creek light & 4.5 miles above Houghton & Hancook ridge.&& &&12/21/1910&& &&  Fixed Red&& &&47° 09' 30"&& &&88° 38' 03"&&Home&&© 2008 United States Lighthouse Society · 9005 Point No Point Rd. NE, Hansville, WA 98340 · ph. 415.362.7255
Michigan&& &&11th&& &&Ralph R. Tinkham&& &&Near shore on N'ly end of Neebish Island, & in the S'ly prolongation of the axis of Lower Hay Lake Cut.&& &&08/05/1909&& &&  Fixed white&& &&46° 19' 29.9"&& &&84° 10' 31.7"&&Home&&© 2008 United States Lighthouse Society · 9005 Point No Point Rd. NE, Hansville, WA 98340 · ph. 415.362.7255
Michigan&& &&11th&& &&Ralph R. Tinkham&& &&N'ly end of Neebish Island & S'ly prolongation of axis of Lower Hay Lake Cut, 1717' SSE 5/8 E in rear of No 10.&& &&08/05/1909&& &&  Fixed white&&Home&&© 2008 United States Lighthouse Society · 9005 Point No Point Rd. NE, Hansville, WA 98340 · ph. 415.362.7255
 &&Michigan&& &&9th&& &&B. A. Todt.&& &&On E'ly side of the NW'ly arm of Portage lake, about 5/8 mile to the N'ly of Harrington Island Light & about 5 miles above Houghton & Nancook Bridge&& &&12/21/1910&& &&  Fixed white lens-lantern light&& &&47° 10' 01"&& &&88° 38' 16"&&Home&&© 2008 United States Lighthouse Society · 9005 Point No Point Rd. NE, Hansville, WA 98340 · ph. 415.362.7255
 &&Michigan&& &&9th&& &&Francis J. Otter, Draftsman, 9th Lighthouse Dist.&& &&On outer end of S Breakwater entrance to Black Lake Holland Harbor, Mich.&& &&04/28/1910&& &&  Fixed red, Lens lantern, (acetylene gas illuminant)&& &&42° 46' 24" N&& &&86° 13' 00" W&&Home&&© 2008 United States Lighthouse Society · 9005 Point No Point Rd. NE, Hansville, WA 98340 · ph. 415.362.7255
Michigan&& &&9th&& &&Francis J. Otter, Draftsman, 9th Lighthouse Dist.&& &&On outer end of S pier entrance to Black Lake Holland Harbor, Mich., E'ly side of S'ly part of Lake Michigan, & 880' (1/6 mile) 87 degrees 15' (E 1/4 N) in rear of front range & together with front forms range for approaching entrance to harbor.&& &&04/28/1910&& &&  Fixed red 4th order, Distance visible, 13 miles.&& &&42° 46' 24" N&& &&86° 13' 00" W&&Home&&© 2008 United States Lighthouse Society · 9005 Point No Point Rd. NE, Hansville, WA 98340 · ph. 415.362.7255
Michigan&& &&9th&& &&R. R. Tinkham&& &&N'ly side of West Huron Island, Mich., off the E'd from entrance to Huron Bay, S'ly side Lake Superior.&& &&09/10/1912&& &&  Fixed white&& &&46° 57' 48"&& &&87° 59' 55"&&Home&&© 2008 United States Lighthouse Society · 9005 Point No Point Rd. NE, Hansville, WA 98340 · ph. 415.362.7255
DESCRIPTION OF LIGHT STATION&&Isle Aux Peches Front Range Light Station&& &&Michigan&& &&11th&& &&Ralph R. Tinkham&& &&Situated in SW'ly end of Lake St. Clair, NE of Isle aux Peches, & about 3300' apart&& &&03/26/1909&& &&  Flashing white every 10 seconds&& &&42° 21' 39.6"&& &&82° 54' 29.5" 
Isle Aux Peches Rear Range Light Station&& &&Michigan&& &&11th&& &&Ralph R. Tinkham&& &&Situated in SW'ly end of Lake St. Clair, NE of Isle aux Peches, & about 3300' apart&& &&03/26/1909&& &&
Isle Royale Light Station&& &&Michigan&& &&9th&& &&Oliver G. Brown&& &&Isle Royal Light Station, on Menagerie Island, Mich. S'ly side of the entrance to Siskiwit Bay, S'ly side of Isle Royale, N'ly side of Lake Superior.&& &&09/13/1910&& &&  Fixed white&& &&47° 56' 54"&& &&88° 45' 37"
Kalamazoo Light Station - 1858&& &&Michigan&& &&11th&& && && &&At mouth of Kalamazoo River, about 49 miles N of St. Joseph's MI&& && && &&
Kalamazoo Light Station - 1910&& &&Michigan&& &&9th&& &&Francis J. Otter, Draftsman, 9th Dist.&& &&On N'ly side of mouth of Kalamazoo River, MI., & at old entrance to harbor of Saugatuck & Douglas, E'ly side of S'ly part of Lake Michigan.&& &&04/28/1910&& &&  Fixed white, 5th order, distance visible = 14 3/4 miles.&& &&42° 40' 00" N&& &&86° 12' 50" W
Lily Pond North Light Station&& &&Michigan&& &&9th&& &&Oliver G. Brown&& &&On easterly side of mooring revetment, northerly end of Lily Pond, Portage Lake Ship Canals, Mich.&& &&07/29/1910&& &&  Fixed red.&& &&47°13' 01"&& &&88°37' 05"
Lily Pond South Light Station&& &&Michigan&& &&9th&& &&Oliver G. Brown&& &&On the easterly side of the mooring revetment, Southerly end of Lily Pond, Portage Lake Ship Canals, Mich.&& &&07/29/1910&& &&  Fixed red.&& &&47°12' 47"&& &&88°37' 04.2" 
Little Rapids Cut Light No 27&& &&Michigan&& &&11th&& &&Ralph R. Tinkham&& &&Close to W'ly side of Little Rapids Cut, at its N'ly entrance, in 20' of water, St. Mary's River, MI.&& &&08/03/1909&& &&  Fixed white occulting every 5 seconds&& &&46° 29' 32.3"&& &&84° 18' 22.8"
DESCRIPTION OF LIGHT STATION&&Little Sable Light Station&& &&Michigan&& &&12th&& &&Irving L. Gill, Asst. Supt.&& &&Little Sable Point, E shore of Lake Michigan&& &&04/11/1911&& &&  Fixed white varied by a white flash every 30 seconds.&& &&43° 39' 10"&& &&86° 32' 23"
Little Traverse Light Station&& &&Michigan&& &&9th&& &&Francis J. Otter, Office of Engineer, 9th Dist.&& &&Guide into Little Traverse Bay.&& &&12/01/1907&& &&  Fixed red, 4th order&& &&45° 25' 07" N&& &&84° 58' 05" W
Ludington North Breakwater Light Station&& &&Michigan&& &&9th&& &&Francis J. Otter, Draftsman&& &&About 500' Northward from South Breakwater light & shows location of end of N. Breakwater & entrance to Ludington Harbor.&& &&04/28/1910&& &&  Fixed red&& &&43° 57' 15" N&& &&86° 27' 59W
Ludington Pierhead Light Station&& &&Michigan&& &&9th&& &&Francis J. Otter, Draftsman&& &&On outer end of S pier in rear of Fog Signal bldg at entrance to Ludington Harbor, MI., E'ly side of Lake Michigan, 7 3/4 miles S of Grande Pointe au Sable; & with Beacon on S Breakwater forms range for entering harbor.&& &&04/28/1910&& &&  Fixed red, Lens lantern, Distance visible = 8.5 miles&& &&43° 57' 10" N&& &&86° 27' 46" W
Ludington South Breakwater Light Station&& &&Michigan&& &&9th&& &&Francis J. Otter, Draftsman&& &&About 900' W'ly from S. pierhead of Harbor entrance, & with light on S. pierhead forms a range for showing course for entering harbor&& &&04/28/1910&& &&  Fixed red&& &&43° 57' 10" N&& &&86° 28' 00" W
Mamajuda Light Station&& &&Michigan&& &&10th&& && && &&Detroit River, MI&& &&09/30/1858&& &&  fixed white
DESCRIPTION OF LIGHT STATION&&Mamajuda Front Range Light Station&& &&Michigan&& &&10th&& &&Chas Bartlett, Chief Clerk & Norris Works, Supt.&& &&In 3.5' of water on Mamajude shoal, W'ly side of main channel of Detroit River, 675' N 8 degrees 19.5' E from Rear Beacon&& &&02/01/1909&& &&  Fixed red&& &&42° 11' 36"&& &&83° 08' 07"
Mamajuda Rear Range Light Station&& &&Michigan&& &&10th&& &&Chas Bartlett, Chief Clerk & Norris Works, Supt.&& &&On S'ly part of Mamajude Island, 200' from W'ly side of main channel Detroit River & about 5.5 miles above Limekiln Crossing.&& &&02/01/1909&& &&  Fixed red&& &&42° 11' 29"&& &&83° 08' 08"
Manitou Light Station - 1858&& &&Michigan&& &&11th&& && && &&On Manitou Island, Lake Superior
Manitou Light Station - 1909&& &&Michigan&& &&9th&& &&Ralph R. Tinkham&& &&Manitou Light Station, on the E'ly end of Manitou island, Mich. off the E'ly end of Keweenaw Point, Lake Superior.&& &&06/15/1909&& &&  Fixed white varied by white flash every minute.&& &&47° 25' 11.36"&& &&87° 35' 13.39"
Marquette Breakwater Light Station&& &&Michigan&& &&9th&& &&Ralph B. Tinkham&& &&Marquette Breakwater light station, On the S'ly end of the breadwater, Marquette Harbor. S'ly shore of Lake Superior, Mich.&& &&06/17/1909&& &&  Fixed red.&& &&46° 32' 11.4"&& &&87° 22' 43.7"
Marquette Light Station - 1858&& &&Michigan&& &&11th&& && && &&On Indian Point, Lake Superior&& && && &&  fixed white
Marquette Light Station - 1919&& &&Michigan&& &&9th&& &&Ralph B. Tinkham&& &&Marquette Light Station, On the point off the N'ly side of Marquette Harbor, Mich. S'ly side of Lake Superior.&& &&06/22/1919&& &&  Flashing red every 5 seconds.&& &&46° 32' 48.12"&& &&87° 22' 33.72"
DESCRIPTION OF LIGHT STATION&&Mendota Light Station&& &&Michigan&& &&9th&& &&Ralph R. Tinkham&& &&On the S'ly side of the canal entrance to Lac La Belle, Mich., Bete Grise Bay, S'ly side of the outer end of Deweenaw Peninsula, Lake Superior.&& &&06/15/1909&& &&  Fixed white.&& &&47° 22' 26.88"&& &&87° 57' 59.53"
Menominee Pierhead Light Station&& &&Michigan&& &&9th&& &&Francis J. Otter, Draftsman&& &&On outer end of N pier, entrance to Menomine River & Harbor, MI,. W'ly side of S'ly part of Green Bay.&& &&05/11/1910&& &&  Fixed red, 4th order, Distance visible, 12 3/4 miles.&& &&45° 05' 50" N&& &&87° 35' 09" W
DESCRIPTION OF LIGHT STATION&&Middle Island Light Station&& &&Michigan&& &&9th&& &&Oliver G. Brown&& &&Middle Island Lightstation, on the NE'ly point of Middle Island, Mich. W'ly shore of Lake Huron.&& &&06/15/1910&& &&  Fixed Red&& &&45° 11' 27"&& &&83° 19' 02"
Monroe Light Station - 1858&& &&Michigan&& &&10th&& && && &&N pier, entrance to River Raisin, MI&& &&09/30/1858&& &&  fixed white
Monroe Light Station - 1885&& &&Michigan&& &&10th&& &&Captain Chas. E. L. B. Davis, Eng'r 10th LH dist.&& &&On crib at outer end of N Pier of entrance to ship canal leading into River Raisin, MI., 1.5 miles above its mouth&& &&04/10/1885&& &&  Fixed red&& &&41° 53' 28"&& &&83° 19' 53"
Monroe Light Station - 1909&& &&Michigan&& &&10th&& &&Chas. Bartlett, Chief Clerk & Norris Works, Supt.&& &&On a crib at the outer end of the N pier at entrance to ship canal leading to Raisin River, Westerly shore of Lake Erie & about 1.5 miles to Northward of the mouth of the river.&& &&02/01/1909&& &&  Fixed red&& &&41° 53' 31"&& &&83° 19' 53"
Munising Front Range Light Station&& &&Michigan&& &&9th&& &&Ralph R. Tinkham&& &&Both towers situated in west side of town of Munising, Mich. Southerly shore of Lake Superior.&& &&07/03/1909&& &&  Both fixed red.&& &&46° 24' 54.4"&& &&86° 39' 39.9"
Munising Rear Range Light Station&& &&Michigan&& &&9th&& &&Ralph R. Tinkham&& &&Towers situated in the west side of the town of Munising, Migh. S'ly shore of lake Superior. The rear tower is 1150 ft., S 35 degrees 34' W of the front tower.&& &&07/03/1909&& &&  Fixed red&& &&46° 24' 54"&& &&86° 39' 39" 
Muskegon Light Station&& &&Michigan&& &&11th&& && && &&Mouth of Muskegon River, MI.&& &&1858&& &&  fixed white
Bad Link
DESCRIPTION OF LIGHT STATION&&North Manitou Light Station&& &&Michigan&& &&9th&& &&Francis J. Otter, Draftsman,&& &&On point making off to E'd from SE'ly part of North Manitou Island, MI., NE'ly part of Lake Michigan. Mar. var 0 degrees 15' W 1908&& &&03/01/1910&& &&  Flashing alternately red & white, interval between flashes, 10 sec. Distance visible, 16.2 miles.&& &&45° 03' 47" N&& &&85° 57' 48" W
Old Mackinac Point Light Station&& &&Michigan&& &&9th&& &&Edward L. Woodruff, Asst. Engr. 9th Dist.&& &&On Old Mackinac Point, S'ly side of Straits of Mackinac.&& &&12/01/1907&& &&  Flashing red every 10 seconds.&& &&45° 47' 18" N&& &&84° 43' 40" W
DESCRIPTION OF LIGHT STATION&&Ontonagon Light Station - 1858&& &&Michigan&& &&11th&& && && &&At mouth of Ontonagon River, Lake Superior, MI&& && && &&  fixed white
DESCRIPTION OF LIGHT STATION&&Ontonagon Light Station - 1910&& &&Michigan&& &&9th&& &&Oliver G. Brown&& &&Ontonagon Light Station, on the W'ly side of the entrance to Ontonagon River, S'ly shore of Lake Superior.&& &&08/11/1910&& &&  Fixed white&& &&46° 52' 27"&& &&89° 19' 32"
DESCRIPTION OF LIGHT STATION&&Ontonagon Pierhead Light-Station&& &&Michigan&& &&9th&& &&Oliver G. Brown&& &&Ontonagon Pierhead Light-Station, about 45 feet from the outer end of the West pier of Ontonagon River. Mich. S'ly shore of Lake Superior.&& &&08/11/1910&& &&  Fixed red.&& &&46° 52' 49"&& &&89° 19' 50"
DESCRIPTION OF LIGHT STATION&&Osceola Point Light Station&& &&Michigan&& &&9th&& &&B. A. Todt&& &&Located on the end of the low point projecting into the northwesterly arm of Portage Lake from its northerly bank and about 1 mile to westward of Houghton and Hancock   Bridge.&& &&12/21/1910&& &&  Fixed white post lantern light&& &&47° 07' 20"&& &&88° 35' 30"
DESCRIPTION OF LIGHT STATION&&Ottowa Point Light Station&& &&Michigan&& &&11th&& && && &&On the Point, at mouth of Ottowa River, W side of Saginaw Bay, MI&& &&1858&& &&  fixed white varied by red flashes
Passage Island Light Station - 1886&& &&Michigan&& &&11th&& &&Lighthouse engineer&& &&Passage island light on the SW'ly point of Passage Island, Mich. to the E'd of Isle Royale, Mich. N'ly side of Lake Superior&& &&02/01/1886&& &&  Fixed red&& &&48° 13' 35"&& &&88° 21' 38"
Passage Island Light Station - 1910&& &&Michigan&& &&9th&& &&Oliver G. Brown&& &&Passage island light on the SW'ly point of Passage Island, Mich. to the N'd & E'ly end of Isle Royale, Mich. N'ly side of Lake Superior&& &&09/12/1910&& &&  White flash every 10 seconds&& &&48° 13' 29"&& &&88° 21' 56"
Pentwater Pier Light Station&& &&Michigan&& &&11th&& &&From recs in office of LH Engineer, Detroit, MI&& &&On outer end of S pier at the harbor of Pentwater, MI. (Lake Michigan)&& &&12/01/1873&& &&  Fixed red
Petite Point Au Sable Light Station&& &&Michigan&& &&11th&& &&J.W. Bailey from recs on file in office of Eng'r&& &&On Petite Point Au Sable, 30 miles S of Grand Pt. Au Sable LH, on E shore of Lake Michigan&& &&12/01/1873&& &&  Fixed varied by white flashes intervals 30" & 30"&& &&Approx. 43° 38' 70"&& &&86° 33' 30"
DESCRIPTION OF LIGHT STATION&&Pilgrim Point Light Station&& &&Michigan&& &&9th&& &&B. A. Todt.&& &&On shoal off Pilgrim Point in 8 feet of water, westerly side of Portage River.&& &&12/21/1910&& &&  Fixed red&& &&47° 06' 23"&& &&88° 30' 58"
Pilot Island Front Range Light Station&& &&Michigan&& &&11th&& &&Ralph R. Tinkham&& &&On Pilot Island, Southerly side of Mud Lake, St. Mary's River, MI.&& &&08/27/1909&& &&  Fixed white&& &&46° 10' 34.58"&& &&84° 07' 59.72"
Pilot Island Rear Range Light Station&& &&Michigan&& &&11th&& &&Ralph R. Tinkham&& &&In water off S'ly side of Mud Lake 1884' S by W 3/8 W in rear of Front light&& &&08/27/1909&& &&  Fixed white
Pipe Island Light Station&& &&Michigan&& &&11th&& &&Ralph R. Tinkham&& &&On SW'ly shore of Pipe Island, MI. E'ly side of channel, about 2 miles N 1/2 W of Frying Pan Island.&& &&08/21/1909&& &&  Fixed red&& &&46° 00' 59.14"&& &&83° 53' 57.57"
Point Aux Barques Light Station&& &&Michigan&& &&11th&& && && &&Mouth of Saginaw Bay, MI&& &&1858&& &&  fixed white varied by flash
Point Iroquois Light Station - 1858&& &&Michigan&& &&11th&& && && &&S shore of Lake Superior&& && && &&  fixed white
Point Iroquois Light Station - 1909&& &&Michigan&& &&11th&& &&Ralph R. Tinkham&& &&On S'ly shore of head of St. Mary's River & E'ly end of Whitefish Bay, MI.&& &&07/29/1909&& &&  Flashing white every 30 sec.&& &&46° 29' 04.04"&& &&84° 37' 55.49"
Port Austin Reef Light Station&& &&Michigan&& &&11th&& &&Ralph R. Tinkham&& &&On Port Austin Reef, Michigan, about 1 1/2 miles from mainland at S'ly side of entrance to Saginaw Bay.  The dwelling is located on mainland in the town of Pointe aux Barques (north end), Michigan&& &&06/04/1909&& &&  Fixed white for 1 minute, followed by five consecutive red flashes, interval between flashes - 12 seconds.&& &&44° 04' 56.17"&& &&82° 58' 55.56"
Lighthouse Inspection Reports Database&&DESCRIPTION OF LIGHT STATION&&Port Clinton Light Station&& &&Michigan&& &&11th&& && && &&On W shore of Lake Michigan&& &&1858&& &&  fixed white
Port Sanilac Light Station&& &&Michigan&& &&11th&& &&Engineer, 11th LH District&& &&In village of Port Sanilac, Sanilac County, MI.&& &&09/16/1886&& &&  Fixed white&& &&43° 25' 44"&& &&82° 31' 48"
Portage Lake Ship Canals Breakwater East Light Station&& &&Michigan&& &&9th&& &&Oliver G. Brown&& &&Portage Lake Ship Canal East Breakwater Light Station. On the outer end of the East Breakwater at the entrance to Portage Lake Ship Canals, Mich. NW'ly shore of Keweenaw Peninsula, Lake Superior.&& &&08/01/1910&& &&  Fixed red 10 secs., eclipes 10 sec.&& &&47° 14' 04"&& &&88° 37' 48"
Portage Lake Ship Canals Breakwater West Light Station&& &&Michigan&& &&9th&& &&Oliver G. Brown&& &&Portage Lake Ship Canal West Breakwater Light. On outer end of the West breakwater at entrance to Portage Lake Ship Canals, Mich. NW'ly shore of Keweenaw Peninsula, Lake Superior.&& &&08/01/1910&& &&  Fixed red 10 secs., eclipse 10 sec.&& &&47° 14' 02"&& &&88° 37' 54" 
Portage Lake Ship Canal Light Station&& &&Michigan&& &&9th&& &&Oliver G. Brown&& &&Portage Lake Ship Canals Light Station on the W'ly side of the cut to the Portage Lake Ship Canal. NW'ly shore of Keweenaw Peninsula.&& &&07/29/1910&& &&  Fixed white.&& &&47° 13' 41"&& &&88° 37' 38"
DESCRIPTION OF LIGHT STATION&&Portage Lake Ship Canal Front Range Light Station&& &&Michigan&& &&9th&& &&Oliver G. Brown&& &&On East revetment of entrance to Portage Lake Ship Canals, northerly end of Portage Lake, Keweenaw Peninsula.&& &&07/29/1910&& &&  Fixed red&& &&47° 11' 54"&& &&88° 37' 00"
Portage Lake Ship Canals Pierhead Light Station&& &&Michigan&& &&9th&& &&Oliver G. Brown&& &&On the end of the West pier at the entrance to Portage Lake Ship Canals, Mich. NW'ly shore of Keweenaw Peninsula.&& &&07/29/1910&& &&  Fixed red.&& &&47° 13' 51"&& &&88° 37' 45"
DESCRIPTION OF LIGHT STATION&&Portage Lake Ship Canal Rear Range Light Station&& &&Michigan&& &&9th&& &&Oliver G. Brown&& &&About 700 feet in rear of Front Range light.&& &&07/29/1910&& &&  Fixed red&& &&47° 12' 27"&& &&88° 37' 05" 
Lighthouse Inspection Reports Database&&DESCRIPTION OF LIGHT STATION&&Portage River Front Range Light Station&& &&Michigan&& &&9th&& &&Oliver G. Brown&& &&Front Range on W'ly bank of Portage River near its mouth. Rear range about 730' in rear.&& &&07/23/1910&& &&  Both lights fixed white.&& &&46° 59' 03"&& &&88° 26' 05"
DESCRIPTION OF LIGHT STATION&&Portage River Light Number 0&& &&Michigan&& &&9th&& &&R.A. Todt.&& &&On the E'ly side of the channel, Portage River, Mich.&& &&12/21/1910&& &&  Fixed white post lantern light.&& &&46° 59' 21"&& &&88° 26' 04"
DESCRIPTION OF LIGHT STATION&&Portage River Light Number 1 Front Range&& &&Michigan&& &&9th&& &&R.A. Todt.&& &&On the E'ly side of the channel, Portage River, Mich.&& &&12/21/1910&& &&  Fixed white post lantern light.
DESCRIPTION OF LIGHT STATION&&Portage River Light Number 2 Rear Range&& &&Michigan&& &&9th&& &&R.A. Todt.&& &&On the E'ly side of the channel, Portage River, Mich.&& &&12/21/1910&& &&  Fixed white post lantern light.
DESCRIPTION OF LIGHT STATION&&Portage River Light Number 3 Front Range&& &&Michigan&& &&11th&& && && &&On N'ly side of channel in marsh on property of War Dept.&& && && &&  Fixed white&& &&N. 47° 00' 50"&& &&W. 88° 27' 14" 
DESCRIPTION OF LIGHT STATION&&Portage River Light Number 4 Rear Range&& &&Michigan&& &&11th&& && && &&In marsh of shallow branch of river, 332 degrees in rear of front light.&& && && &&  Fixed white
DESCRIPTION OF LIGHT STATION&&Portage River Light Number 5 Front Range&& &&Michigan&& &&11th&& && && &&On E'ly side of channel in 11' of water&& && && &&  Fixed white&& &&N. 47° 00' 44"&& &&W. 88° 27' 06"
DESCRIPTION OF LIGHT STATION&&Portage River Light Number 6 Rear Range&& &&Michigan&& &&11th&& && && &&132 degrees 00" - 730 ft. in rear of front light. Lights range astern & should be followed to line of lights 7 & 8.&& && && &&  Fixed white
DESCRIPTION OF LIGHT STATION&&Portage River Light Number 7 Front Range&& &&Michigan&& &&11th&& && && &&On bank at edge of marsh, at Princess Pt., Portage River,   Mich.&& && && &&  Fixed white&& &&N. 47° 01' 07"&& &&W. 88° 28' 13"
DESCRIPTION OF LIGHT STATION&&Portage River Light Number 8 Rear Range&& &&Michigan&& &&11th&& && && &&200 degrees in rear of No. 7, 1400'. Also forms rear range of No. 13.&& && && &&  Fixed white
DESCRIPTION OF LIGHT STATION&&Portage River Light Number 9 Front Range&& &&Michigan&& &&11th&& && && &&In the water at mouth of Bayou, SW'ly side of Portage   River.&& && && &&  Fixed red&& &&N. 47° 01' 04"&& &&W. 88° 28' 31" 
DESCRIPTION OF LIGHT STATION&&Portage River Light Number 10 Rear Range&& &&Michigan&& &&11th&& && && &&In marsh on N'ly side & near mouth of Bayou & 450' W 1/8 S of front light.&& && && &&  Fixed red
DESCRIPTION OF LIGHT STATION&&Portage River Light Number 12 Rear Range&& &&Michigan&& &&11th&& && && &&In marsh, SW'ly side of Portage River opposite Princess Point Light, about 350' S 3/8 W in rear of light No. 9 & on S'ly prolongation of cut No. 5.&& && && &&  Fixed white
DESCRIPTION OF LIGHT STATION&&Portage River Light Number 13 Front Range&& &&Michigan&& &&11th&& && && &&On E bank of Portage River above Princess Point & about 370' (1/16 mile) N 1/2 W in front of light No. 8.&& && && &&  Fixed white&& &&N. 47° 01' 16"&& &&W. 88° 28' 33"
DESCRIPTION OF LIGHT STATION&&Portage River Light Number 14 Front Range&& &&Michigan&& &&11th&& && && &&In about 8' water on E'ly side of channel of Portage River & on S'ly prolongation of axis of dredged channel from Portage Lake into River.&& && && &&  Fixed white&& &&N. 47° 01' 34"&& &&W. 88° 28' 34"
DESCRIPTION OF LIGHT STATION&&Portage River Light Number 15 Rear Range&& &&Michigan&& &&11th&& && && &&On E bank of Portage River, & S'ly prolongation of axis of dredged channel 600' (1/8 mile) S 13 degrees E (S by E 1/4 E) in rear of No. 14 (163 degrees)&& && && &&  Fixed white
DESCRIPTION OF LIGHT STATION&&Portage River Light Station - 1858&& &&Michigan&& &&11th&& && && &&Near mouth of Portage River, W shore of Kewenau Bay&& && && &&  fixed white varied by red flashes
DESCRIPTION OF LIGHT STATION&&Portage River Light Station - 1910&& &&Michigan&& &&9th&& &&Oliver G. Brown&& &&Near the mouth of Portage River, W'ly shore of Keweenaw Bay.&& &&07/22/1910&& &&  Fixed white varied by a red flash every minute.&& &&45° 58' 41"&& &&88° 24' 50"
Lighthouse Inspection Reports Database&&DESCRIPTION OF LIGHT STATION&&Portage River Rear Range Light Station&& &&Michigan&& &&9th&& &&Oliver G. Brown&& &&Front Range on W'ly bank of Portage River near its mouth. Rear range about 730' in rear.&& &&07/23/1910&& &&  Both lights fixed white.&& &&46° 59' 03"&& &&88° 26' 05"
Presque Isle Harbor Front Range Light Station&& &&Michigan&& &&11th&& &&Oliver G. Brown&& &&Presque Isle Harbor, Michigan, N'ly part of W'ly shore of Lake Huron.&& &&06/18/1910&& &&  Fx. White&& &&45° 20' 16"&& &&83° 29' 23"
Presque Isle Harbor Rear Range Light Station&& &&Michigan&& &&11th&& &&Oliver G. Brown&& &&In Presque Isle Harbor, Michigan, N'ly part of the W'ly shore of Lake Huron.&& &&06/18/1910&& &&  Fx. White
Presque Isle Light Station - 1858&& &&Michigan&& &&11th&& && && &&About 30 miles NW of Thunder Bay Light, MI&& && && &&  fixed white
Presque Isle Light Station - 1910&& &&Michigan&& &&11th&& &&Oliver G. Brown&& &&Near the N'ly part of the peninsula W'ly side of Lake   Huron.&& &&06/16/1910&& &&  Fx white&& &&45° 21' 24"&& &&83° 29' 31"
DESCRIPTION OF LIGHT STATION&&Princess Point Light Station&& &&Michigan&& &&11th&& &&Oliver G. Brown&& &&On NE'ly bank of Portage River, at lower turn off Princess Point, MI&& &&07/23/1910&& &&  Fixed red&& &&47° 01' 08"&& &&88° 28' 31"
Rock Harbor Light Station&& &&Michigan&& &&11th&& && && &&NE end of Isle Royal&& &&1858
Rock Of Ages Light Station&& &&Michigan&& &&9th&& &&Ralph R. Tinkham&& &&2-3/8 miles, 270 degrees true from W'ly point of Washington Island, off SW'ly end of Isle Royal, Michigan, Northern Lake Superior.&& &&04/03/1912&& &&  Double white flash every 10 seconds, Thus; Flash, 0.3 sec, Eclipse 2.2 sec., Flash 0.3 sec., Eclipse 7.2 sec. Total of 10 seconds.&& &&47°51' 59.74"&& &&89°18' 52.46"
Rouleau Point Front Range Light Station&& &&Michigan&& &&9th&& &&Oliver G. Brown&& &&Near the E'ly bank of the N'ly end of Portage Lake, Mich. about 3/8 mile to the N'd of Rouleau Point.&& &&07/29/1910&& &&  Fixed white.&& &&47° 11' 41"&& &&88° 37' 00"
Rouleau Point Rear Range Light Station&& &&Michigan&& &&9th&& &&Oliver G. Brown&& &&About 450' in rear of the front range light, of the N'ly end of Portage Lake, Mich. about 3/8 mile to the north of Rouleau Point.&& &&07/29/1910&& &&  Fixed white.&& &&47° 11' 41"&& &&88° 37' 00"
Round Island Light Station - 1858&& &&Michigan&& &&11th&& && && &&Near entrance of St. Marie's River, Lake Superior.&& && && &&  fixed white
Round Island Light Station - 1909&& &&Michigan&& &&11th&& &&Ralph R. Tinkham&& &&on extreme NW'ly end of Round Island. S'ly side of passage between Round Island & Mackinac Island.&& &&09/01/1909&& &&  Fixed white varied by red flash every 20 sec.&& &&45° 50' 14.75"&& &&84° 36' 59.73"
Round Island in St. Marys River Light Station&& &&Michigan&& &&11th&& &&Ralph R. Tinkham&& &&On E'ly shore of Round Island, MI., lower part of St. Mary's River.&& &&08/21/1909&& &&  Fixed white with fixed red sector&& &&46° 06' 33.03"&& &&84° 01' 10.81"
Saginaw Bay Light Station&& &&Michigan&& &&11th&& && && &&Mouth of Saginaw River, MI&& &&1858&& &&  fixed white
Lighthouse Inspection Reports Database&&DESCRIPTION OF LIGHT STATION&&Sand Beach Harbor of Refuge E side N entrance&& &&Michigan&& &&11th&& &&Lighthouse Engineer&& &&On N end of lake arm of breakwater at E side of N entrance to harbor&& &&02/01/1886&& &&  Fixed white&& &&43° 51' 21"&& &&82° 36' 20"
DESCRIPTION OF LIGHT STATION&&Sand Beach Harbor of Refuge N side E entrance&& &&Michigan&& &&11th&& &&Lighthouse Engineer&& &&Main light at Sand Beach - located at S end of Main breakwater pier 10' from inner wall & on N side of main   entrance.&& &&02/01/1886&& &&  Fixed white varied by red flash every 90 sec.&& &&43° 50' 47"&& &&82° 35' 45"
Sand Beach Harbor of Refuge S side E entrance&& &&Michigan&& &&11th&& &&Lighthouse Engineer&& &&On N end of S arm of breakwater at S side of E entrance to harbor&& &&02/01/1886&& &&  Fixed red&& &&43° 50' 41"&& &&82° 35' 40"
Sand Beach Harbor of Refuge W side N entrance&& &&Michigan&& &&11th&& &&Lighthouse Engineer&& &&On E end of N arm of breakwater at W side of N entrance to harbor&& &&02/01/1886&& &&  Fixed red&& &&43° 51' 22"&& &&82° 36' 24"
Sand Point Light Station&& &&Michigan&& &&9th&& &&Oliver G. Brown&& &&Sand Point Light Station, on Sand Point, Mich. Head of Keweenaw Bay, S'ly shore of Lake Superior.&& &&07/20/1910&& &&  Fixed red.&& &&46° 47' 04"&& &&88° 28' 02"
Seul Choix Pointe Light Station&& &&Michigan&& &&9th&& &&Francis J. Otter, Office of Engineer, 9th LH Dist.&& &&On E'ly extremity of Seul Choix Pointe, MI., N'ly end of Lake Michigan.&& &&11/19/1909&& &&  Fixed white, 3rd order, visible 17 miles.&& &&45° 55' 22"&& &&85° 54' 45"
DESCRIPTION OF LIGHT STATION&&Six Mile Point Front Range Light Station&& &&Michigan&& &&11th&& &&Ralph R. Tinkham&& &&On the S'ly prolongation of the axis of Little Rapids Cut, St. Mary's River, MI. Tower stands in 8' of water about 3/8 mile above Six Mile Point.&& &&08/06/1909&& &&  Fixed white&& &&46° 26' 21.3"&& &&84° 15' 57"
DESCRIPTION OF LIGHT STATION&&Six Mile Point Rear Range Light Station&& &&Michigan&& &&11th&& &&Ralph R. Tinkham&& &&On the Southerly prolongation of the axis of Little Rapids Cut, St. Mary's River, MI. Tower stands in 2' of water 1975' (3/8 mile) 153 degrees (SSE 3/8 E) in rear of Front   light.&& &&08/06/1909&& &&  Fixed white
Skillagallee Light Station - 1858&& &&Michigan&& &&11th&& && && &&Ile Aux Galets, MI&& && && &&
Skillagallee Light Station - 1907&& &&Michigan&& &&9th&& &&Francis J. Otter, Office of Engineers, 9th Dist.&& &&About 8 5/8 miles SW'ly from Waugoshance Lighthouse & 5 3/4 miles from mainland, NE'ly part of Lake Michigan&& &&12/01/1907&& &&  Fixed white, 4th order&& &&45° 44' 36" N&& &&85° 30' 31" W
South Fox Island Light Station&& &&Michigan&& &&9th&& &&Francis J. Otter, Office of Engineer, 9th LH Dist.&& &&On S'ly extremity of South Fox Island. NE'ly part of Lake Michigan. Mag. var. 0 degrees 10' E.&& &&12/01/1907&& &&  Fixed red&& &&45° 22' 30"&& &&85° 49' 41"
South Haven Pierhead Light Station&& &&Michigan&& &&9th&& &&Francis J. Otter, Draftsman, 9th LH Dist.&& &&On outer end of S pier, entrance to S Haven Harbor, MI., E'ly side of of S'ly part of Lake Michigan.&& &&04/28/1910&& &&  Fixed red, 5th order, Distance visible 9 3/8 miles&& &&42° 24' 01" North&& &&86° 17' 14" North
South Manitou Light Station - 1858&& &&Michigan&& &&11th&& && && &&Near E shore of Lake Michigan&& && && &&  fixed white
South Manitou Light Station - 1910&& &&Michigan&& &&9th&& &&Francis J. Otter, Draftsman&& &&On SE'ly point of S Manitou Island, MI. NE'ly part of Lake Michigan. Mar var. 0 degrees 15' E 1908&& &&03/01/1910&& &&  3rd order; fixed white; Distance visible 18.5 miles&& &&45° 00' 28" North&& &&86° 05' 40" West
Spectacle Reef Light Station&& &&Michigan&& &&9th&& &&Ralph R. Tinkham&& &&On the W'ly edge of Spectacle Reef, Mich., NW'ly end of Lake Heron. E'ly of Straits of Mackinac.&& &&06/05/1909&& &&  Flashing alternately red & white every 30 seconds.&& &&45° 46' 23.64"&& &&84° 08' 15.97" 
Squaw Island Light Station&& &&Michigan&& &&12th&& &&Francis J. Otter, Draftsman&& &&On N'ly point of Squaw Island, most N'ly of Beaver Island Group, N'ly end of Lake Michigan.&& &&12/19/1911&& &&  Fixed red light varied by red flash every 15 sec. Visibility 15 miles.&& &&45° 50' 25" North&& &&85° 35' 13" West
DESCRIPTION OF LIGHT STATION&&Squaw Point Light Station&& &&Michigan&& &&12th&& &&Francis J. Otter, Draftsman&& &&On W'ly end of Squaw Point, MI., E'ly side of Little Bay de Noc; NW'ly end of Green Bay, Lake Michigan&& &&12/24/1911&& &&  Fixed white, with red sector to E'd of 22 degrees 30'; distance visible 13 miles.&& &&45° 49' 54" North&& &&87° 00' 17" West
St. Clair Flats Canal Lower Light Station&& &&Michigan&& &&11th&& &&Ralph R. Tinkham&& &&On lower or S'ly end of W pier of entrance to United States Ship Canal.&& &&04/15/1909&& &&  Fixed red&& &&42° 31' 09.70"&& &&82° 41' 15.31"
St. Clair Flats Canal Upper Light Station&& &&Michigan&& &&11th&& &&Ralph R. Tinkham&& &&On upper end of W pier of & NE'ly entrance to US Ship Canal, about 7000 ft. 41 degrees 07' (NE 5/16 N) from Lower light.&& &&04/15/1909&& &&  Fixed red&& &&42° 32' 02.73"&& &&82° 40' 12.84"
St. Helena Light Station - 1873&& &&Michigan&& &&11th&& &&from recs in office of LH Engineer, Detroit.&& &&On a small island separated from the SE end of the island of St. Helena by a narrow channel or strip of water. NE end of Lake Michigan near entrance to Straits of Mackinac from the west.&& &&12/01/1873&& &&  Fixed red&& &&45° 51' 15"&& &&84° 46' 50" 
St. Helena Light Station - 1907&& &&Michigan&& &&9th&& &&Francis J. Otter, 9th Lighthouse Dist.&& &&N side of entrance to Lake Michigan from Straits of   Mackinac.&& &&12/01/1907&& &&  Fixed red, 3rd order&& &&45° 51' 20"&& &&84° 51' 46" 
St. Joseph Pierhead, Front Range Light Station&& &&Michigan&& &&9th&& &&Francis J. Otter, Draftsman, Office of Dist. Engr.&& &&On outer end of N pier at entrance to St. Joseph & Benton Harbors, MI., E'ly side of S'ly part of Lake Michigan.&& &&06/08/1909&& &&  Fixed red&& &&42° 06' 56"&& &&86° 29' 39"
St. Joseph Pierhead, Rear Range Light Station&& &&Michigan&& &&9th&& &&Francis J. Otter, Draftsman, Office of Dist. Engr.&& &&At N pier, 314' (1/16 mile) ESE 3/8 E in rear of preceding, at entrance to St. Joseph & Benton Harbors, MI., E'ly side of S'ly part of Lake Michigan.&& &&06/08/1909&& &&  Fixed red&& &&42° 06' 56"&& &&86° 29' 39"
St. Joseph Light Station - 1858&& &&Michigan&& &&11th&& && && &&Mouth of St. Joseph's River, E side of Lake Michigan&& && && &&  fixed white
St. Joseph Light Station - 1909&& &&Michigan&& &&9th&& &&Francis J. Otter, Del't in Office of Dist. Engr&& &&On bluff in City of St. Joseph, MI., E'ly side of S'ly part of Lake Michigan.&& &&06/08/1909&& &&  Fixed white with flashing white every 30 sec. Square tower on buff frame dwelling with red roofs.&& &&42° 06' 29"&& &&86° 29' 02"
Stannard Rock Light Station&& &&Michigan&& &&11th&& &&Ralph R. Tinkham&& &&Near N'ly end of Stannard Rock, S'ly end of Lake Superior, MI., & 45 miles N 7/8 E of Marquette, MI.&& &&12/08/1909&& &&  Flashing white every 30 sec.&& &&47° 10' 58.65"&& &&87° 13' 30.01"
Sturgeon Point Light Station&& &&Michigan&& &&11th&& &&Oliver G. Brown&& &&On E most point between Saginaw & Thunder Bays, MI., W'ly shore of Lake Huron.&& &&06/07/1910&& &&  Fixed white&& &&44° 42' 37"&& &&83° 16' 07"
Tawas Light Station&& &&Michigan&& &&11th&& &&Oliver G. Brown&& &&On Tawas Point, MI., E'ly side of Tawas Bay. NW'ly shore of Saginaw Bay, W'ly side of Lake Huron.&& &&06/08/1910&& &&  Flash 25 sec., eclipse 5 sec., White light except in SW quadrant where it shows red over Tawas Point.&& &&44° 15' 14"&& &&83° 26' 57"
Thunder Bay Island Light Station - 1858&& &&Michigan&& &&11th&& && && &&On Thunder Bay Island, Lake Huron, MI&& && && &&  fixed white varied by flash
Thunder Bay Island Light Station - 1910&& &&Michigan&& &&11th&& &&Oliver G. Brown&& &&On Thunder Bay Island near its SE'ly point&& &&06/13/1910&& &&  Flashing white every 90 sec.&& &&45° 02' 15"&& &&83° 11' 38"
DESCRIPTION OF LIGHT STATION&&Vidal Shoals Channel, Front Range Light Station&& &&Michigan&& &&11th&& &&Ralph R. Tinkham&& &&On outer end of central pier at W'ly entrance to St. Marys Falls Canal, MI.&& &&08/03/1909&& &&  Fixed red varied by red flash every 10 sec.&& &&46° 30' 11.6"&& &&84° 22' 05.9"
DESCRIPTION OF LIGHT STATION&&Vidal Shoals Channel, Rear Range Light Station&& &&Michigan&& &&11th&& &&Ralph R. Tinkham&& &&Near RR embankment at S'ly end of International RR Bridge, Sault Ste. Marie, MI., & about 1400' ENE 3/4 E in rear of front light.&& &&08/03/1909&& &&  Fixed red&& &&not computed&& &&not computed 
DESCRIPTION OF LIGHT STATION&&Waugoshance Light Station - 1858&& &&Michigan&& &&11th&& && && &&On Waugoshance Reef, Straits of Mackinac, MI.&& && && &&  fixed white varied by flash
DESCRIPTION OF LIGHT STATION&&Waugoshance Light Station - 1907&& &&Michigan&& &&9th&& &&Francis J. Otter, 9th Lighthouse Dist. Eng. Office&& &&On NW'ly end of Waugoshance Shoal, MI., about 2 miles NW'ly of Waugoshance Island, NW'ly end of Lake Michigan. Mag. var. 0 degrees 51' N&& &&12/01/1907&& &&  Fixed white, varied by white flash every 45 sec.&& &&45° 47' 15"&& &&85° 05' 31"
White Shoal Light Station - 1911&& &&Michigan&& &&12th&& &&Hugh Borland, Supt.&& &&On E'ly end of White Shoal, NE'ly end of Lake Michigan & off W'ly entrance to Straits of Mackinac&& &&05/20/1911&& &&  2nd order IOV light, flashing white every 8 sec.125' to focal plane above water, visible 20 miles; obscured in narrow sector to SW'd&& &&N 45° 50' 30"&& &&W 85° 08' 08"
White Shoal Light Station - 1915&& &&Michigan&& &&12th&& &&F. J. Otter, Asst. Supt.&& &&On E'ly end of White Shoal, NE'ly end of Lake Michigan & off W'ly entrance to Straits of Mackinac&& &&12/11/1915&& &&  2nd order IOV light, flashing white every 8 sec.125' to focal plane above water, visible 20 miles; obscured in narrow sector to SW'd by 18" int. dia. smokestack, 3' 3" to c. of stack from outside perimeter of lantern.&& &&N 45° 50' 30"&& &&W 85° 08' 08"
DESCRIPTION OF LIGHT STATION&&Whitefish Point Light Station - 1858&& &&Michigan&& &&11th&& && && &&On White Fish Point, MI&& && && &&  fixed white
DESCRIPTION OF LIGHT STATION&&Whitefish Point Light Station - 1909&& &&Michigan&& &&11th&& &&Ralph R. Tinkham&& &&On Whitefish Point, MI., S'ly shore of SE'ly part of Lake   Superior&& &&07/13/1909&& &&  Flashing white every 10 sec.&& &&46° 46' 16.74"&& &&84° 57' 25.91"
Windmill Point Front Range Light Station&& &&Michigan&& &&11th&& &&Ralph R. Tinkham&& &&On Windmill Point, N side of outlet of Lake St. Claire in the rear of Windmill Point Light Station.&& &&03/26/1909&& &&  Fixed red&& &&42° 21' 33.3"&& &&82° 55' 50.7"
Windmill Point Light Station - 1858&& &&Michigan&& &&11th&& && && &&Head of Detroit River, MI&& && && &&  fixed white
Windmill Point Light Station - 1909&& &&Michigan&& &&11th&& &&Ralph R. Tinkham&& &&On Windmill Point, N side of outlet of Lake St. Claire.&& &&03/26/1909&& &&  Fixed white varied by red flash every 15 sec.&& &&42° 21' 30.39"&& &&82° 55' 48.52"
Windmill Point Rear Range Light Station&& &&Michigan&& &&11th&& &&Ralph R. Tinkham&& &&On Windmill Point, N side of outlet of Lake St. Claire.&& &&03/26/1909&& &&  Fixed red